DEPT,GR,NPHI,RDEEP,RHOB
1989.7344,60.8528862,0.379594237,4.009535313,2.210000038
1989.8868,67.65097809,0.448985398,3.735011578,2.210000038
1990.0392,73.91194153,0.485481471,3.38201046,2.210000038
1990.1916,72.36021423,0.471521616,3.171780586,2.210000038
1990.344,72.48745728,0.473392576,2.917968273,2.210000038
1990.4964,68.70298767,0.468801826,2.880116224,2.210000038
1990.6488,68.56950378,0.496520102,2.919770479,2.210000038
1990.8012,72.659729,0.486598522,2.753181934,2.210000038
1990.9536,80.91778565,0.46320203,2.99119544,2.210000038
1991.106,81.19525147,0.475756466,3.124864817,2.210000038
1991.2584,79.76191711,0.479957372,2.999527216,2.210000038
1991.4108,74.42540741,0.470544487,2.73415947,2.210000038
1991.5632,75.44487763,0.472510576,2.549096108,2.210000038
1991.7156,76.26677704,0.456213534,2.3724823,2.210000038
1991.868,75.11672211,0.47147581,2.249430418,2.210000038
1992.0204,75.86315918,0.457998544,2.307528257,2.210000038
1992.1728,79.69760132,0.465701371,2.562462807,2.210000038
1992.3252,81.64356232,0.456982702,2.697854042,2.210000038
1992.4776,83.56092835,0.461062372,2.762794733,2.210000038
1992.63,78.55155945,0.463376075,2.749918222,2.210000038
1992.7824,77.527771,0.449500442,2.773495197,2.210000038
1992.9348,75.09793091,0.445888341,2.759045124,2.210000038
1993.0872,76.19672394,0.437565386,2.681397438,2.210000038
1993.2396,79.87962341,0.478665501,2.672186136,2.210000038
1993.392,79.62464905,0.487370879,2.650604248,2.210000038
1993.5444,80.4334259,0.488828659,2.671047688,2.210000038
1993.6968,76.85533142,0.460045785,2.753101587,2.210000038
1993.8492,78.86802673,0.462317348,2.860074997,2.210000038
1994.0016,75.31321716,0.511767626,2.811697245,2.210000038
1994.154,77.84142304,0.514918923,2.583430052,2.210000038
1994.3064,73.84410095,0.519118726,2.649827004,2.210000038
1994.4588,73.79911804,0.474528253,2.925408125,2.210000038
1994.6112,72.16506958,0.43740347,3.7103827,2.210000038
1994.7636,69.18110657,0.427193821,3.950030327,2.210000038
1994.916,70.32918549,0.445725083,3.738424063,2.210000038
1995.0684,68.15656281,0.453890652,3.486398459,2.210000038
1995.2208,74.37146759,0.454907835,3.105632544,2.210000038
1995.3732,74.10385895,0.423514754,2.999372006,2.210000038
1995.5256,78.57837677,0.472727776,2.862103701,2.210000038
1995.678,76.84924316,0.49370718,2.868705273,2.210000038
1995.8304,77.37214661,0.519099593,2.980443478,2.210000038
1995.9828,77.49654388,0.460750192,2.869715452,2.210000038
1996.1352,75.52429199,0.427118897,3.000833035,2.210000038
1996.2876,73.63174439,0.405666828,3.074999332,2.210000038
1996.44,70.05098724,0.412122279,2.951974392,2.210000038
1996.5924,74.42269135,0.445037454,3.145729542,2.210000038
1996.7448,75.07368469,0.438186288,3.317647457,2.210000038
1996.8972,78.27584839,0.430579841,3.465513945,2.16899991
1997.0496,75.69030762,0.405405641,3.630558729,2.220000029
1997.202,77.33931732,0.391222447,3.857257843,2.174999952
1997.3544,78.67429352,0.409361035,3.949478626,2.193000078
1997.5068,75.61222839,0.415403575,3.839642286,2.210000038
1997.6592,75.87122345,0.436838687,3.560558558,2.210000038
1997.8116,70.95676422,0.445779353,3.195035696,2.210000038
1997.964,73.28140259,0.465214819,2.868076086,2.210000038
1998.1164,73.28140259,0.491200626,2.611173153,2.210000038
1998.2688,74.94380188,0.496452838,2.550075054,2.210000038
1998.4212,74.82055664,0.493296355,2.518959284,2.210000038
1998.5736,73.66555786,0.559680343,2.410754442,2.210000038
1998.726,75.60465241,0.534238398,2.349619389,2.210000038
1998.8784,73.32366943,0.515354216,2.411543846,2.210000038
1999.0308,76.50665283,0.440468192,2.622058868,2.210000038
1999.1832,77.25356293,0.460490376,2.8564291,2.210000038
1999.3356,78.40519714,0.487844259,2.903275013,2.188999891
1999.488,75.42132568,0.442343086,2.878100157,2.229000092
1999.6404,71.32875061,0.400369346,3.057646751,2.243000031
1999.7928,73.34848023,0.409702152,3.216189146,2.290999889
1999.9452,77.52877808,0.433497429,3.396664381,2.316999912
2000.0976,81.84490204,0.426244676,3.586801529,2.269000053
2000.25,84.29620361,0.418070555,3.590094328,2.21600008
2000.4024,81.58067322,0.42257005,3.33327055,2.174999952
2000.5548,77.15887451,0.453843027,2.982499838,2.219000101
2000.7072,78.41677094,0.392141521,2.847025871,2.263999939
2000.8596,79.67394257,0.417655796,2.932009459,2.279999971
2001.012,85.11386108,0.424733073,2.797994375,2.269999981
2001.1644,78.39466858,0.487792105,2.774672508,2.239000082
2001.3168,77.365242,0.488840342,2.729863405,2.210000038
2001.4692,76.08751679,0.495031446,2.590753555,2.210000038
2001.6216,78.83363342,0.475678235,2.506334782,2.210000038
2001.774,78.22229004,0.485304952,2.544148922,2.210000038
2001.9264,74.97440338,0.53500694,2.439775705,2.210000038
2002.0788,74.98719025,0.585185111,2.528455734,2.210000038
2002.2312,72.40522003,0.534032404,2.895580053,2.328999996
2002.3836,75.83548737,0.459342837,3.122321129,2.351999998
2002.536,79.19246674,0.402744979,2.904248714,2.351999998
2002.6884,83.78908539,0.442955792,2.69686079,2.276000023
2002.8408,83.81909943,0.473401934,2.565793037,2.224999905
2002.9932,80.56563568,0.4540959,2.70501852,2.220000029
2003.1456,74.60337067,0.410830498,3.207237005,2.325000048
2003.298,66.88005066,0.359345347,3.764552355,2.460000038
2003.4504,63.17175674,0.304200262,4.228871822,2.520999908
2003.6028,63.6494751,0.324316084,4.730041504,2.503000021
2003.7552,73.39586639,0.344858378,4.884586811,2.404000044
2003.9076,75.67667389,0.380470157,3.397292137,2.312000036
2004.06,77.35295868,0.357516855,3.388376474,2.265000105
2004.2124,68.34823608,0.327250719,4.052155495,2.272000074
2004.3648,65.12544251,0.311791927,4.504463196,2.328999996
2004.5172,63.35723877,0.265213639,4.400659561,2.361999989
2004.6696,68.61961365,0.257976681,3.929752111,2.286000013
2004.822,70.84439087,0.292351157,3.077816963,2.299999952
2004.9744,71.84382629,0.342127472,2.649086714,2.299999952
2005.1268,69.79212189,0.406027973,2.590993643,2.299999952
2005.2792,71.09587097,0.446139514,2.580543518,2.299999952
2005.4316,74.93197632,0.473954588,2.728967905,2.289000034
2005.584,74.43170166,0.475617826,2.856156111,2.345000029
2005.7364,77.37152863,0.472433031,2.807455063,2.25
2005.8888,77.76122284,0.458738416,2.712535858,2.24000001
2006.0412,80.82579804,0.436431766,2.755037785,2.255000114
2006.1936,80.31551361,0.399708271,2.847136974,2.315999985
2006.346,78.26532745,0.418073624,3.02336669,2.299999952
2006.4984,77.825737,0.404771119,2.926977634,2.299999952
2006.6508,72.05158997,0.435908884,2.895830631,2.299999952
2006.8032,70.73259735,0.386096418,3.003515005,2.299999952
2006.9556,69.66401672,0.404491305,3.026534557,2.299999952
2007.108,74.1608429,0.374401391,3.183056355,2.286000013
2007.2604,76.04368591,0.394366145,3.278250217,2.316999912
2007.4128,81.61037445,0.375567168,3.122034311,2.321000099
2007.5652,78.05519867,0.37749663,2.997173786,2.303999901
2007.7176,80.14309692,0.37738803,2.967909813,2.302000046
2007.87,72.49520111,0.393482626,2.989187956,2.299999952
2008.0224,75.53927612,0.400451243,3.094713926,2.303999901
2008.1748,72.91168213,0.401640028,3.128880978,2.316999912
2008.3272,74.93656158,0.408888638,3.103982449,2.351999998
2008.4796,71.9965744,0.407292157,3.052098036,2.437000036
2008.632,72.5872879,0.418486118,3.049389362,2.46600008
2008.7844,72.71747589,0.394746721,3.010073423,2.473999977
2008.9368,75.50245667,0.40663901,2.968910933,2.415999889
2009.0892,74.3747406,0.396840155,3.020525456,2.355999947
2009.2416,76.29624939,0.419332326,3.064518929,2.308000088
2009.394,76.45205689,0.434405744,3.084335327,2.303999901
2009.5464,78.89502716,0.426802427,3.152331114,2.299999952
2009.6988,76.87189484,0.430222809,3.187602282,2.296000004
2009.8512,76.10398102,0.396364301,3.192901611,2.301000118
2010.0036,75.36160278,0.393392205,3.195038796,2.309999943
2010.156,77.30821991,0.383782089,3.293817759,2.309999943
2010.3084,78.33081818,0.437688619,3.054866314,2.299000025
2010.4608,78.33129883,0.468448907,2.95319891,2.296000004
2010.6132,76.51316834,0.4484047,2.951390266,2.299000025
2010.7656,75.31389618,0.40087682,2.914899588,2.306999922
2010.918,77.70387268,0.366099715,2.914231777,2.305000067
2011.0704,77.2203064,0.366702855,3.069266796,2.301000118
2011.2228,79.36817932,0.363996774,3.011746407,2.29399991
2011.3752,80.26454163,0.407370418,3.061194897,2.306999922
2011.5276,81.59790039,0.41401121,3.246495962,2.296999931
2011.68,76.5570755,0.398680389,3.241875172,2.273999929
2011.8324,78.4734726,0.352263421,3.186574459,2.262000084
2011.9848,76.62866211,0.36057654,3.277444124,2.279000044
2012.1372,83.58107758,0.40025118,3.391384602,2.309000015
2012.2896,80.7694397,0.416900039,3.370994806,2.325000048
2012.442,85.34540558,0.403118491,3.354862928,2.332999945
2012.5944,85.22646332,0.391657203,3.445820332,2.325999975
2012.7468,81.64651489,0.38625291,3.523812532,2.329999924
2012.8992,80.10883331,0.394530982,3.543923378,2.322999954
2013.0516,79.795578,0.388703376,3.661966801,2.325000048
2013.204,80.69000244,0.390068084,3.603505611,2.323999882
2013.3564,81.4982605,0.409585178,3.609595776,2.321000099
2013.5088,79.58030701,0.400156885,3.60124898,2.302000046
2013.6612,79.70815277,0.384167761,3.657241583,2.276000023
2013.8136,79.01968384,0.369433671,3.751347303,2.256000042
2013.966,77.48584747,0.366735131,3.809447527,2.25699997
2014.1184,77.65109253,0.385037005,3.67062211,2.269999981
2014.2708,77.02400208,0.378717065,3.566366911,2.28399992
2014.4232,78.55802155,0.37729317,3.461256504,2.280999899
2014.5756,80.37460327,0.356459409,3.543930292,2.290999889
2014.728,80.37560272,0.33798331,3.663901329,2.286999941
2014.8804,82.64581299,0.349077195,3.666168451,2.302999973
2015.0328,80.61769104,0.403112918,3.533321142,2.303999901
2015.1852,82.02285767,0.40195778,3.392003536,2.319000006
2015.3376,81.33101654,0.427233279,2.964923382,2.315999985
2015.49,78.15592194,0.418480456,2.810856104,2.282000065
2015.6424,75.3709259,0.448584914,2.76022172,2.200999975
2015.7948,71.19889832,0.460179746,2.579924583,2.15899992
2015.9472,74.80225372,0.442643583,2.361318588,2.130000114
2016.0996,75.67184448,0.46138984,2.411304474,2.15899992
2016.252,78.74607849,0.454457432,2.552438259,2.194999933
2016.4044,76.16822052,0.485159189,2.67636776,2.257999897
2016.5568,77.95720673,0.467126042,2.776473045,2.282999992
2016.7092,78.1531601,0.437065631,3.0740695,2.302000046
2016.8616,79.7089386,0.406210095,3.024306297,2.313999891
2017.014,76.19358063,0.376054525,2.929144621,2.313999891
2017.1664,72.95658112,0.374647945,3.010155439,2.306999922
2017.3188,70.27233887,0.361914992,3.070429087,2.301000118
2017.4712,69.95240021,0.39597863,3.13015008,2.312000036
2017.6236,69.96409607,0.411820084,3.188561916,2.292000055
2017.776,64.09973908,0.40437302,3.33442235,2.263000011
2017.9284,61.1747818,0.372585952,3.614440918,2.224999905
2018.0808,59.62750626,0.34744072,3.727060795,2.221999884
2018.2332,63.61610031,0.360681355,3.673676729,2.253999949
2018.3856,67.43499756,0.413844973,3.595578432,2.295000076
2018.538,72.41989136,0.420916021,3.563382626,2.316999912
2018.6904,77.93212128,0.464574486,3.490107536,2.312000036
2018.8428,78.88690186,0.41321218,3.502883196,2.311000109
2018.9952,76.07492828,0.433097869,3.690696716,2.323999882
2019.1476,72.84503937,0.417723596,4.052828789,2.28399992
2019.3,67.8578949,0.434199721,4.41353178,2.234999895
2019.4524,61.0785141,0.405486614,4.89602232,2.201999903
2019.6048,55.23373795,0.360901088,6.219179153,2.197999954
2019.7572,50.44706726,0.336783648,12.87932777,2.193000078
2019.9096,51.98081589,0.331306458,31.08205795,2.193000078
2020.062,51.12926483,0.333182842,33.49464798,2.187000036
2020.2144,49.21207809,0.343908548,31.48575211,2.180999994
2020.3668,48.31602478,0.368913502,27.55068207,2.190999985
2020.5192,47.36214447,0.36033991,20.11397934,2.207999945
2020.6716,50.96057129,0.357379586,13.92167473,2.207000017
2020.824,48.02196503,0.318134904,11.70872402,2.197000027
2020.9764,47.54302597,0.324467301,10.70016384,2.190999985
2021.1288,48.03585815,0.325784087,9.698163033,2.186000109
2021.2812,53.38274384,0.354144692,7.668084145,2.183000088
2021.4336,58.15608597,0.365196586,6.15562439,2.184000015
2021.586,55.32740784,0.377612144,5.591227055,2.180999994
2021.7384,52.79045487,0.376297087,5.413837433,2.180000067
2021.8908,50.52492523,0.387456924,5.334133625,2.213999987
2022.0432,52.58632278,0.3412489,6.58329773,2.289000034
2022.1956,49.50339127,0.243819326,9.651269913,2.417999983
2022.348,46.99707031,0.137763634,14.47105885,2.559999943
2022.5004,42.26794052,0.079988457,28.47973061,2.632999897
2022.6528,42.39047241,0.086048715,20.04870606,2.595000029
2022.8052,45.25205994,0.133910254,6.868492127,2.453000069
2022.9576,49.60051346,0.206120282,5.193570614,2.309000015
2023.11,58.39151001,0.271738738,4.192322254,2.236999989
2023.2624,62.63327789,0.296445727,4.105676651,2.253999949
2023.4148,66.72672272,0.3169083,4.485020638,2.313999891
2023.5672,67.32236481,0.351719111,4.629608154,2.326999903
2023.7196,70.36790466,0.378269941,4.649488926,2.298000097
2023.872,76.36353302,0.38741979,4.635499954,2.296000004
2024.0244,73.13759613,0.35005945,4.635333538,2.321000099
2024.1768,67.25807953,0.347755194,4.541765213,2.312000036
2024.3292,58.77811432,0.336551726,4.415659428,2.246000052
2024.4816,55.07057571,0.337194622,4.662390232,2.197000027
2024.634,54.66468811,0.339686453,6.0184865,2.178999901
2024.7864,53.70992279,0.346305698,7.537674904,2.184000015
2024.9388,53.58143616,0.370820105,8.351273537,2.187000036
2025.0912,53.729702,0.359629989,8.87741375,2.184000015
2025.2436,56.01761246,0.357943565,9.454709053,2.16899991
2025.396,57.6807785,0.345553607,9.691696167,2.157000065
2025.5484,56.76847076,0.325566143,9.56579113,2.148999929
2025.7008,54.48088455,0.323028117,8.782986641,2.155999899
2025.8532,54.11707306,0.324252427,8.242357254,2.171999931
2026.0056,53.86052704,0.349364489,8.113692284,2.196000099
2026.158,55.88632584,0.340607643,8.389159203,2.209000111
2026.3104,57.42324829,0.355885506,10.46855736,2.207000017
2026.4628,58.1566658,0.355281353,16.04295921,2.196000099
2026.6152,54.81535721,0.368825942,22.14788628,2.187000036
2026.7676,51.08735275,0.35250774,29.41630745,2.184999943
2026.92,50.98403168,0.336367637,29.21074867,2.188999891
2027.0724,49.5790329,0.338836223,25.21336937,2.187000036
2027.2248,51.24071503,0.339052916,23.02348709,2.180999994
2027.3772,52.31604004,0.34552893,19.88084221,2.187000036
2027.5296,54.48659897,0.342114419,17.00361633,2.188999891
2027.682,55.57965088,0.324057818,15.49293232,2.194000006
2027.8344,56.17041779,0.320796549,13.55071449,2.187999964
2027.9868,55.80563736,0.317017406,8.355232239,2.191999912
2028.1392,56.85972977,0.336267591,5.518813133,2.200999975
2028.2916,56.62613678,0.324496001,4.804834366,2.201999903
2028.444,64.16625977,0.350909084,4.384011746,2.210000038
2028.5964,66.53375244,0.359774947,4.443538189,2.236000061
2028.7488,71.49160767,0.381324679,4.158768177,2.267999888
2028.9012,70.88128662,0.391485989,3.697774887,2.273999929
2029.0536,69.59120178,0.398929566,3.64830327,2.247999907
2029.206,69.61779022,0.399779707,3.651975632,2.237999916
2029.3584,68.54485321,0.357639343,3.596908331,2.242000103
2029.5108,74.05647278,0.371979922,3.360617876,2.278000116
2029.6632,73.29164124,0.413431823,3.407869577,2.290999889
2029.8156,77.40600586,0.43404901,3.367166519,2.302000046
2029.968,75.45122528,0.434755921,3.261857748,2.301000118
2030.1204,77.41472626,0.4223378,2.90846324,2.309000015
2030.2728,77.16014862,0.445329875,2.763497829,2.316999912
2030.4252,78.6384964,0.445912629,2.760070086,2.289000034
2030.5776,75.26881409,0.462850928,2.729913712,2.187999964
2030.73,78.71838379,0.471209377,2.576051235,2.125
2030.8824,80.51126099,0.468420833,2.523545981,2.134000063
2031.0348,82.68576813,0.440351665,2.616345644,2.230000019
2031.1872,82.1743927,0.450859129,2.784479857,2.292000055
2031.3396,81.57720184,0.458922565,2.968132258,2.309999943
2031.492,83.11104584,0.467116475,3.008338928,2.318000078
2031.6444,85.79693604,0.445350319,3.112936735,2.336999893
2031.7968,88.75064087,0.42268315,3.297627211,2.335000038
2031.9492,87.37246704,0.40334937,3.385512829,2.338000059
2032.1016,83.4216919,0.40364185,3.404387236,2.309999943
2032.254,77.02488709,0.390957356,3.351625204,2.265000105
2032.4064,75.20782471,0.395583153,3.229878426,2.25
2032.5588,66.99764252,0.365716428,3.208057642,2.26699996
2032.7112,66.86788178,0.400146544,3.313538313,2.309999943
2032.8636,67.25128174,0.435261071,4.332345963,2.312999964
2033.016,66.6270752,0.43239215,6.058888912,2.28399992
2033.1684,59.19678116,0.375976116,6.627954483,2.243999958
2033.3208,54.84622192,0.316929609,6.521747112,2.210000038
2033.4732,53.91810608,0.326877624,6.078681946,2.194000006
2033.6256,54.19008255,0.350351393,5.7536726,2.180000067
2033.778,54.43357849,0.3965469,5.580142498,2.131000042
2033.9304,55.76692581,0.43223232,5.388294697,2.028000116
2034.0828,61.11149216,0.455786735,4.933361054,2.003000021
2034.2352,60.65688705,0.424647033,4.769322872,2.049999952
2034.3876,59.10197449,0.37167415,4.971569538,2.170000076
2034.54,59.38012695,0.344656915,5.042395115,2.236000061
2034.6924,64.39085388,0.356979519,4.299404621,2.263999939
2034.8448,68.35333252,0.36426568,3.867103577,2.267999888
2034.9972,71.14119721,0.362192541,3.667658091,2.246000052
2035.1496,73.07505798,0.341143042,3.73620081,2.237999916
2035.302,77.13954926,0.352364838,3.976931334,2.25699997
2035.4544,75.99371338,0.380644411,4.016417027,2.26699996
2035.6068,73.09902191,0.425179631,4.065088749,2.246000052
2035.7592,67.99179077,0.431154966,4.187440395,2.21600008
2035.9116,65.60132599,0.40208301,4.324988365,2.210999966
2036.064,65.47317505,0.372825682,4.457937717,2.219000101
2036.2164,64.6673584,0.362108141,4.187701702,2.223999977
2036.3688,62.34766769,0.366759062,4.024058342,2.20600009
2036.5212,57.5075798,0.345129728,4.083991528,2.20600009
2036.6736,57.74483109,0.333405167,4.254931927,2.207999945
2036.826,57.10570908,0.324070036,4.621334076,2.224999905
2036.9784,62.96841431,0.320223928,4.904226303,2.224999905
2037.1308,63.32516098,0.35123089,5.172845841,2.23300004
2037.2832,68.31559753,0.369957626,5.284450531,2.230000019
2037.4356,64.35329437,0.376362115,5.349290848,2.213000059
2037.588,60.3833313,0.375454098,5.896421433,2.187000036
2037.7404,56.663414,0.321031034,6.344771385,2.236999989
2037.8928,56.27795792,0.25324288,9.39525032,2.355999947
2038.0452,55.87623215,0.145547256,16.49910355,2.526000023
2038.1976,51.35904312,0.105828293,35.77684784,2.607000113
2038.35,46.88526535,0.096001297,28.76885414,2.608999968
2038.5024,48.67221069,0.120399363,24.45591545,2.59100008
2038.6548,51.53865051,0.16181685,22.02799988,2.562999964
2038.8072,53.07258606,0.193848282,16.01677704,2.522000074
2038.9596,51.79435349,0.235492081,8.683599472,2.467000008
2039.112,53.3459816,0.27572003,6.170100212,2.375999928
2039.2644,58.71734619,0.299976885,4.932442188,2.296000004
2039.4168,60.29127502,0.313104957,3.69307971,2.250999928
2039.5692,63.75078201,0.332433254,3.6334939,2.253999949
2039.7216,66.28098297,0.379344463,3.765850306,2.267999888
2039.874,72.74180603,0.419991732,3.94727397,2.288000107
2040.0264,73.07640076,0.416534036,4.370681286,2.299000025
2040.1788,69.16174316,0.399131775,4.747112751,2.28399992
2040.3312,59.36995316,0.375943065,5.111338139,2.237999916
2040.4836,55.93695831,0.348381698,5.570687294,2.197999954
2040.636,53.72042847,0.359388173,5.54535389,2.171999931
2040.7884,56.25783157,0.359434992,5.156871796,2.174000025
2040.9408,52.67810059,0.397268713,4.659005642,2.183000088
2041.0932,52.67810059,0.37655139,4.18272686,2.217000008
2041.2456,58.270298,0.392906278,3.999083519,2.263000011
2041.398,62.77619171,0.355578482,3.846783161,2.299999952
2041.5504,68.78150177,0.372553319,3.496394157,2.301000118
2041.7028,67.27359772,0.351101399,3.203352928,2.285000086
2041.8552,69.41975403,0.363010049,3.030160427,2.280999899
2042.0076,71.10770416,0.390342802,2.968191624,2.279000044
2042.16,78.74768066,0.383248597,2.927897692,2.299999952
2042.3124,80.56250763,0.382155716,2.923646927,2.322000027
2042.4648,82.48135376,0.357402116,2.973229885,2.335999966
2042.6172,78.90534973,0.370989233,3.031244993,2.332000017
2042.7696,80.7931366,0.373310208,2.968902826,2.321000099
2042.922,79.8952179,0.404376715,2.975034237,2.319999933
2043.0744,80.69007111,0.424508691,2.894880772,2.322000027
2043.2268,78.89627838,0.439007759,2.845021486,2.318000078
2043.3792,77.77723694,0.446178615,2.873384714,2.305000067
2043.5316,76.75380707,0.423312455,2.82625556,2.301000118
2043.684,77.945961,0.442788512,2.762609482,2.305999994
2043.8364,77.02365112,0.427376628,2.798973799,2.325000048
2043.9888,78.87218475,0.465612024,2.757462263,2.328000069
2044.1412,80.24157715,0.43713361,2.719803333,2.328999996
2044.2936,82.61352539,0.440202951,2.725651503,2.33100009
2044.446,81.66078186,0.38579306,2.780545473,2.326999903
2044.5984,80.66590881,0.394639552,2.870549679,2.322000027
2044.7508,79.473526,0.356977463,2.927067757,2.312999964
2044.9032,74.741539,0.3693932,2.854490042,2.292999983
2045.0556,69.38075256,0.370542526,2.842208386,2.278000116
2045.208,67.94247437,0.397307634,2.863980532,2.275000095
2045.3604,76.92266083,0.404047757,2.837850571,2.295000076
2045.5128,79.5759964,0.411967099,2.996850014,2.316999912
2045.6652,77.57688904,0.372950316,3.0695858,2.329999924
2045.8176,71.63435364,0.359938294,3.013196707,2.328000069
2045.97,71.37765503,0.350768566,3.007633448,2.316999912
2046.1224,71.83169556,0.371950924,2.940816879,2.309000015
2046.2748,73.00880432,0.408602387,2.970830441,2.295000076
2046.4272,75.28301239,0.414193302,3.003684998,2.302999973
2046.5796,76.5741272,0.421466678,2.973683834,2.309000015
2046.732,76.98794556,0.365778357,2.839969635,2.305000067
2046.8844,73.05168915,0.335228354,2.770772696,2.28399992
2047.0368,70.59934998,0.34945488,2.736723185,2.267999888
2047.1892,69.04598999,0.400662988,2.798748255,2.280999899
2047.3416,74.92541504,0.443860799,2.998431206,2.315999985
2047.494,77.37850189,0.414881557,3.099317312,2.351999998
2047.6464,75.98577118,0.41217348,2.977344513,2.35800004
2047.7988,72.02162933,0.378430218,2.752655983,2.348999977
2047.9512,70.85321808,0.435181022,2.519003391,2.328999996
2048.1036,70.41896057,0.423639119,2.420957565,2.298000097
2048.256,73.25846863,0.448372155,2.344223738,2.256000042
2048.4084,71.44996643,0.418618232,2.261851788,2.236999989
2048.5608,69.14995575,0.428813249,2.379411459,2.22300005
2048.7132,66.69226837,0.399031967,2.573512316,2.233999968
2048.8656,67.78622437,0.343948335,2.835646629,2.257999897
2049.018,73.81716919,0.334708035,3.144525528,2.295000076
2049.1704,78.42299652,0.358876377,3.080804348,2.328999996
2049.3228,86.44737244,0.419861525,2.862942219,2.345000029
2049.4752,83.37545776,0.405079752,2.672305346,2.319999933
2049.6276,82.86138916,0.401325107,2.680018663,2.305999994
2049.78,79.53694153,0.379077286,2.697996616,2.318000078
2049.9324,79.03408814,0.391819388,2.904224634,2.336999893
2050.0848,75.58563995,0.399764597,3.043554783,2.33100009
2050.2372,75.58200073,0.407248884,2.960627556,2.319999933
2050.3896,78.44699097,0.422060281,2.881515026,2.329999924
2050.542,78.06401062,0.398218811,2.815396309,2.339999914
2050.6944,74.35505676,0.394858956,2.745076656,2.355000019
2050.8468,72.59063721,0.390161812,2.689333201,2.368999958
2050.9992,75.24432373,0.411436558,2.604882956,2.372999907
2051.1516,77.29134369,0.441100806,2.590301275,2.361000061
2051.304,79.32376099,0.425147921,2.614136696,2.346999884
2051.4564,79.86369324,0.414731771,2.738805771,2.349999905
2051.6088,80.63096619,0.389451385,2.747550011,2.328999996
2051.7612,80.22048187,0.386918515,2.796257734,2.328000069
2051.9136,75.00057221,0.362102479,2.980151177,2.362999916
2052.066,69.5086441,0.317667276,3.282455921,2.469000101
2052.2184,64.99213409,0.315909207,3.386379004,2.480000019
2052.3708,68.68409729,0.342428356,3.472937346,2.398999929
2052.5232,73.44454956,0.386450887,3.188887358,2.344000101
2052.6756,76.89652252,0.406883717,2.896834374,2.315000057
2052.828,75.49285126,0.385961205,2.980264187,2.321000099
2052.9804,75.33626556,0.385751098,3.062401056,2.328999996
2053.1328,80.483284,0.358192265,3.150292873,2.332000017
2053.2852,84.75037384,0.367237568,3.22941184,2.34100008
2053.4376,88.83743286,0.358759016,3.271220923,2.34800005
2053.59,86.42629242,0.365807921,3.303013563,2.351999998
2053.7424,80.74078369,0.378874302,3.316331863,2.34800005
2053.8948,76.00339508,0.371388465,3.339195252,2.319999933
2054.0472,70.97658539,0.380366385,3.309756041,2.290999889
2054.1996,70.00588226,0.358113647,3.038692236,2.253000021
2054.352,70.00520325,0.37785542,3.141179323,2.236999989
2054.5044,70.74377441,0.359233171,3.282405376,2.259999991
2054.6568,75.54709625,0.36421603,3.436308861,2.312000036
2054.8092,78.49785614,0.3429676,3.458168984,2.355000019
2054.9616,81.24274445,0.358645797,3.418169737,2.351999998
2055.114,78.43095398,0.353533447,3.304210186,2.335999966
2055.2664,72.37528992,0.372885287,3.196192026,2.322999954
2055.4188,74.13391876,0.370298475,3.168111563,2.334000111
2055.5712,78.22800446,0.384378761,3.185938358,2.342999935
2055.7236,79.90013886,0.364625275,3.223608017,2.336999893
2055.876,77.59877777,0.353285223,3.157191753,2.334000111
2056.0284,78.07538605,0.35472846,3.10342598,2.345000029
2056.1808,80.96324921,0.37190178,3.153250694,2.345999956
2056.3332,79.94264984,0.38989085,3.20998764,2.354000092
2056.4856,78.65772247,0.407450795,3.200099468,2.354000092
2056.638,76.02877808,0.400081873,3.186000586,2.33100009
2056.7904,79.49720001,0.387497515,3.187002897,2.311000109
2056.9428,80.45485687,0.351330876,3.06056118,2.286999941
2057.0952,79.58578491,0.370503128,3.026403427,2.296000004
2057.2476,78.18099213,0.378974676,3.175548077,2.315999985
2057.4,78.15242767,0.399769992,3.353027821,2.338000059
2057.5524,85.18143463,0.386802703,3.864358902,2.335999966
2057.7048,82.58338165,0.365635723,4.219619751,2.313999891
2057.8572,73.17623901,0.333619654,4.523744106,2.278000116
2058.0096,61.79380798,0.28334263,4.825044155,2.234999895
2058.162,55.78821182,0.285952091,5.298703194,2.210000038
2058.3144,57.93255234,0.312021911,5.528056622,2.213000059
2058.4668,61.76966476,0.352615237,5.652899742,2.236999989
2058.6192,65.01155853,0.363938272,5.626248837,2.269999981
2058.7716,64.13584137,0.358311772,5.494986057,2.270999908
2058.924,62.47348785,0.3595424,5.740453243,2.249000073
2059.0764,61.39811325,0.348015219,6.142357349,2.226999998
2059.2288,62.51282501,0.363977999,6.495052338,2.226000071
2059.3812,59.5752449,0.356363386,7.071679115,2.230999947
2059.5336,54.4256897,0.366534889,8.143105507,2.230000019
2059.686,51.89648438,0.347916305,7.748897553,2.23300004
2059.8384,52.9192009,0.338482142,7.163825512,2.233999968
2059.9908,55.08367157,0.346724957,7.3508811,2.239000082
2060.1432,55.42525101,0.350776076,7.510421276,2.230000019
2060.2956,57.12469482,0.349766344,6.964524269,2.226999998
2060.448,59.27468109,0.329120815,6.743397236,2.223999977
2060.6004,57.72106934,0.314704597,6.52088213,2.22300005
2060.7528,57.64286423,0.35885635,5.950020313,2.214999914
2060.9052,59.25492096,0.389766097,5.17848587,2.207999945
2061.0576,61.30216599,0.417509884,4.898131371,2.232000113
2061.21,65.6969223,0.406545281,4.899301529,2.259000063
2061.3624,70.44515991,0.384209812,4.905141354,2.295000076
2061.5148,72.25970459,0.395241261,4.971345902,2.296000004
2061.6672,68.20587158,0.39225173,4.91714859,2.279000044
2061.8196,62.91228485,0.393015772,4.805984974,2.256000042
2061.972,60.48001099,0.368500024,4.69127512,2.247999907
2062.1244,59.30815888,0.340473533,5.442585468,2.217999935
2062.2768,60.22846603,0.348373115,6.46124363,2.237999916
2062.4292,62.06369019,0.338815957,6.981403351,2.244999886
2062.5816,60.03256226,0.333159953,7.655129433,2.243000031
2062.734,56.99031448,0.328346133,9.068445206,2.223999977
2062.8864,52.69100571,0.336212158,9.668027878,2.220000029
2063.0388,53.91295242,0.343123168,10.14284325,2.22300005
2063.1912,50.88812637,0.34070012,12.37867546,2.217999935
2063.3436,53.41201782,0.317040265,15.49495697,2.213000059
2063.496,51.90103149,0.322029889,15.09981346,2.204999924
2063.6484,55.6163826,0.324660331,13.89763069,2.198999882
2063.8008,53.55067825,0.349818021,12.44505978,2.193000078
2063.9532,52.54520035,0.350106686,11.3065176,2.197000027
2064.1056,52.54520035,0.328963667,10.52863979,2.210000038
2064.258,51.84626007,0.30864355,9.413387299,2.227999926
2064.4104,55.92060089,0.312025011,8.26570034,2.247999907
2064.5628,59.60175324,0.338745982,7.614434719,2.265000105
2064.7152,65.74957275,0.355378598,6.890156269,2.259999991
2064.8676,66.10122681,0.347737819,5.607851505,2.246000052
2065.02,64.69148254,0.323458105,4.658821583,2.257999897
2065.1724,64.41235352,0.33100009,3.989199638,2.279999971
2065.3248,67.96957398,0.347993136,3.986914396,2.306999922
2065.4772,71.19529724,0.361431629,4.010371208,2.313999891
2065.6296,71.45263672,0.355650455,3.98119545,2.325999975
2065.782,70.13896942,0.347901315,4.12612915,2.328000069
2065.9344,68.18061066,0.341966659,4.378522396,2.34800005
2066.0868,62.84069824,0.340475112,4.631764889,2.328999996
2066.2392,58.04381943,0.339619339,4.824957848,2.302999973
2066.3916,52.53475571,0.34424594,5.117397308,2.278000116
2066.544,54.97421646,0.365474582,5.970811367,2.269000053
2066.6964,54.73590851,0.353769243,6.55872345,2.246000052
2066.8488,59.18595123,0.351832986,6.45322752,2.230000019
2067.0012,58.33351517,0.321247131,6.113846302,2.221999884
2067.1536,59.90382004,0.352428615,5.83054781,2.232000113
2067.306,60.4140892,0.355101317,5.608626366,2.25699997
2067.4584,62.67976761,0.358307988,5.651874065,2.273000002
2067.6108,60.51496887,0.345917255,5.727869988,2.250999928
2067.7632,53.76044464,0.344725341,5.854649067,2.209000111
2067.9156,51.39440537,0.366613388,6.311008453,2.187999964
2068.068,52.87298203,0.381844491,6.329003334,2.196000099
2068.2204,59.35668945,0.371427059,5.977491379,2.229000092
2068.3728,64.97150421,0.348819405,5.064815998,2.253000021
2068.5252,66.27130127,0.331035525,4.489758968,2.269999981
2068.6776,68.55918884,0.341050178,4.3725667,2.278000116
2068.83,67.55960846,0.381092459,4.604157925,2.302999973
2068.9824,73.59642792,0.395636916,4.841066361,2.332999945
2069.1348,73.23899841,0.40691343,4.858296394,2.348999977
2069.2872,72.78575897,0.364563644,4.841659069,2.339999914
2069.4396,67.92390442,0.345577091,4.772646427,2.302999973
2069.592,61.57621002,0.331241846,4.71740818,2.26699996
2069.7444,55.16545105,0.320900649,4.798624992,2.243000031
2069.8968,51.69086838,0.347448915,5.045898914,2.249000073
2070.0492,52.90097809,0.355973512,5.043782711,2.260999918
2070.2016,55.25376892,0.379212827,5.022953987,2.255000114
2070.354,57.55644226,0.34579587,4.653809547,2.259000063
2070.5064,61.14084625,0.363075316,4.576722622,2.288000107
2070.6588,67.09810638,0.369863957,4.642318249,2.339999914
2070.8112,71.14579773,0.381184101,4.527514935,2.375999928
2070.9636,71.69931793,0.348232985,4.356625557,2.378999949
2071.116,73.27690888,0.344580889,4.20816803,2.364000082
2071.2684,74.68257141,0.330320478,4.061173439,2.35800004
2071.4208,76.63883209,0.369684547,3.845959187,2.34800005
2071.5732,75.03844452,0.37593627,3.698634386,2.34800005
2071.7256,75.62435913,0.399029046,3.573599815,2.34800005
2071.878,74.16695404,0.377556503,3.570451737,2.348999977
2072.0304,71.47357178,0.366008908,3.682328224,2.354000092
2072.1828,73.15081787,0.383314014,3.716286659,2.365999937
2072.3352,76.0144043,0.38339901,3.788497686,2.375999928
2072.4876,80.39398956,0.401561886,3.841813803,2.378999949
2072.64,80.66036224,0.374369413,3.883040428,2.357000113
2072.7924,79.08602905,0.366290271,3.940603018,2.358999968
2072.9448,77.33318329,0.34320268,4.036484718,2.354000092
2073.0972,77.03773499,0.362282276,4.11921072,2.357000113
2073.2496,73.866745,0.363515735,4.168116093,2.342999935
2073.402,72.39485931,0.377464891,4.023217678,2.311000109
2073.5544,66.71952057,0.363344014,3.936506748,2.262000084
2073.7068,63.93399429,0.40022862,3.941479683,2.246999979
2073.8592,62.65798569,0.4075436,3.701182604,2.242000103
2074.0116,65.49538422,0.374554753,3.663355827,2.256000042
2074.164,71.98043823,0.363932341,3.973994255,2.282999992
2074.3164,75.51465607,0.355328351,4.053096771,2.325000048
2074.4688,73.21692658,0.395404816,4.169212341,2.355999947
2074.6212,72.97841644,0.379634261,4.207252026,2.326999903
2074.7736,68.83071899,0.365822405,3.995389938,2.292999983
2074.926,67.21096802,0.348071963,3.892017126,2.273000002
2075.0784,64.94203186,0.334731072,3.93663168,2.286000013
2075.2308,65.58283997,0.344969451,4.093478203,2.309999943
2075.3832,70.56939697,0.359074682,4.23001194,2.338000059
2075.5356,70.45333862,0.36347571,4.348941803,2.322000027
2075.688,68.79089356,0.348822832,4.152092457,2.289000034
2075.8404,68.69924927,0.346492678,4.052567482,2.253000021
2075.9928,72.60862732,0.374438971,3.980292559,2.260999918
2076.1452,74.04110718,0.399912357,4.094008446,2.285000086
2076.2976,74.63867188,0.388168573,4.354587078,2.302999973
2076.45,70.60630035,0.366752923,4.4246521,2.286000013
2076.6024,74.03546906,0.366440296,4.587013722,2.27699995
2076.7548,68.50401306,0.384195358,4.896796703,2.272000074
2076.9072,70.0531311,0.360764086,4.988184452,2.279000044
2077.0596,67.0456543,0.360322386,5.018732071,2.26699996
2077.212,66.30107117,0.310842335,5.182803631,2.253999949
2077.3644,63.29611206,0.328919858,5.012479305,2.243999958
2077.5168,59.51473236,0.313798517,5.204825401,2.236000061
2077.6692,57.6580658,0.342090577,5.454635143,2.217000008
2077.8216,54.319664,0.335994095,5.966639042,2.217000008
2077.974,53.09137726,0.336593509,6.28457737,2.224999905
2078.1264,51.43770218,0.329110175,6.380557537,2.24000001
2078.2788,53.9540596,0.349345863,6.514392376,2.244999886
2078.4312,56.81787109,0.345386475,6.319660187,2.257999897
2078.5836,58.9646225,0.346868634,5.872889519,2.275000095
2078.736,57.07104492,0.322402507,6.004655838,2.286000013
2078.8884,53.15021515,0.320233375,6.343038559,2.265000105
2079.0408,51.44315338,0.309942186,6.834422588,2.230999947
2079.1932,50.67690277,0.300212175,6.955132961,2.211999893
2079.3456,51.8693924,0.288065225,6.475384712,2.243999958
2079.498,53.19919205,0.310429126,6.134488106,2.309000015
2079.6504,58.05923462,0.339433372,5.739002228,2.375
2079.8028,63.5330658,0.361912668,5.775356293,2.398999929
2079.9552,72.97342682,0.388151974,5.674074173,2.384999991
2080.1076,71.94364929,0.387026519,5.64188242,2.355999947
2080.26,67.9565506,0.380828381,5.541006565,2.299999952
2080.4124,57.07175827,0.335044563,5.429778576,2.230999947
2080.5648,53.65557098,0.31398654,5.35924387,2.197000027
2080.7172,55.94672012,0.297992945,5.424231052,2.229000092
2080.8696,59.98813248,0.306841344,5.741429806,2.286000013
2081.022,64.16913605,0.317583859,6.045590401,2.332999945
2081.1744,68.26638031,0.34463951,5.992471695,2.348999977
2081.3268,68.78185272,0.345536411,5.941659451,2.33100009
2081.4792,64.82475281,0.334687442,6.442526341,2.296000004
2081.6316,53.5985527,0.318599343,6.851849079,2.249000073
2081.784,48.99328995,0.32518521,7.762903214,2.213999987
2081.9364,44.24074936,0.319661498,8.951696396,2.190000057
2082.0888,45.7730217,0.322569728,9.830435753,2.193000078
2082.2412,44.40909958,0.307784081,10.29226685,2.200000048
2082.3936,49.95249558,0.321763992,11.36563301,2.207999945
2082.546,50.93857575,0.315053284,11.80888939,2.196000099
2082.6984,53.42758942,0.330164403,10.143363,2.197000027
2082.8508,53.30112839,0.330052018,9.528779984,2.196000099
2083.0032,54.35924149,0.389529914,9.58576107,2.203999996
2083.1556,54.01955795,0.429807276,9.943416596,2.191999912
2083.308,56.24475861,0.429746062,9.78935051,2.184999943
2083.4604,56.4675293,0.375406563,9.076140404,2.194000006
2083.6128,54.69241715,0.333328456,8.873698235,2.226000071
2083.7652,52.88131332,0.342746824,8.826191902,2.240999937
2083.9176,50.75193787,0.337868989,8.566391945,2.23300004
2084.07,48.54469299,0.34653309,8.429666519,2.203000069
2084.2224,44.01095963,0.346657008,8.573988915,2.188999891
2084.3748,43.51908875,0.348844886,8.749397278,2.186000109
2084.5272,47.97290039,0.341496944,8.047820091,2.201999903
2084.6796,50.30186462,0.332232326,6.560305119,2.210000038
2084.832,49.84079361,0.343508661,5.690304756,2.210000038
2084.9844,47.9138031,0.353067845,5.335719109,2.20600009
2085.1368,48.55241776,0.352112025,5.45211935,2.214999914
2085.2892,54.14118576,0.3468467,5.675039768,2.252000094
2085.4416,62.39817047,0.359566808,5.608535767,2.302000046
2085.594,67.90522003,0.360615075,5.715410233,2.369999886
2085.7464,71.15488434,0.362786412,5.97490263,2.39199996
2085.8988,71.36862183,0.32509613,5.981369972,2.369999886
2086.0512,69.22247315,0.330542505,5.94312191,2.335999966
2086.2036,65.39543915,0.331308931,6.049490929,2.299000025
2086.356,62.80799866,0.34585759,6.360284805,2.262000084
2086.5084,58.89312363,0.344424367,7.015635014,2.230000019
2086.6608,53.3840065,0.336495608,7.068024635,2.21600008
2086.8132,46.40968323,0.340144217,6.406502247,2.203999996
2086.9656,44.9607811,0.338357389,5.832237721,2.201999903
2087.118,51.85767746,0.328061074,5.433554173,2.196000099
2087.2704,55.95280457,0.305743784,5.156253338,2.200000048
2087.4228,57.50597382,0.307468414,4.992371082,2.211999893
2087.5752,56.34856033,0.340900511,4.969202995,2.219000101
2087.7276,58.36135483,0.35694772,5.05828619,2.25699997
2087.88,63.50681305,0.345751345,5.023843288,2.305000067
2088.0324,66.94900513,0.338290453,4.690103054,2.334000111
2088.1848,67.69403076,0.347365141,4.517016411,2.335000038
2088.3372,70.56019592,0.352731079,4.297655582,2.342999935
2088.4896,71.27501679,0.345748693,4.135864735,2.355000019
2088.642,72.58062744,0.365781158,4.080937386,2.362999916
2088.7944,68.34983063,0.398320824,3.82150197,2.332000017
2088.9468,67.29802704,0.404050589,3.678184509,2.29399991
2089.0992,64.77253723,0.381116867,3.57334733,2.269999981
2089.2516,66.25473785,0.356504619,3.665030718,2.270999908
2089.404,68.40036011,0.336279005,3.924922943,2.306999922
2089.5564,69.61611939,0.33228901,3.863689423,2.328999996
2089.7088,66.13014221,0.332309961,3.406176806,2.319999933
2089.8612,55.2739296,0.317906141,2.837017298,2.280999899
2090.0136,51.20671463,0.30925408,2.465902329,2.23300004
2090.166,48.59696579,0.274313569,2.291017771,2.217000008
2090.3184,53.00285721,0.304380715,2.193491459,2.213999987
2090.4708,51.34200668,0.303288043,2.161591291,2.221999884
2090.6232,51.10174179,0.328823745,2.147578239,2.219000101
2090.7756,47.41943741,0.318609327,2.125844002,2.213999987
2090.928,48.44176483,0.318490654,2.084988594,2.211999893
2091.0804,49.60003281,0.309071273,2.003836155,2.213999987
2091.2328,51.27189255,0.313588709,1.878484845,2.214999914
2091.3852,48.55566025,0.30332163,1.861694336,2.22300005
2091.5376,46.08147812,0.283229858,2.177609205,2.256000042
2091.69,44.56481171,0.210164964,2.784673452,2.365999937
2091.8424,44.34099197,0.142684251,4.016998768,2.503000021
2091.9948,44.9070282,0.081612274,6.674006462,2.634000063
2092.1472,42.11060715,0.062315125,13.27117348,2.644999981
2092.2996,40.54522324,0.061349638,21.54267311,2.634999991
2092.452,41.41065598,0.0754143,12.17582226,2.628999949
2092.6044,43.3285408,0.086961016,10.14267635,2.630000114
2092.7568,47.24857712,0.122137703,10.32075214,2.640000105
2092.9092,49.63796997,0.181136176,11.16342259,2.638000011
2093.0616,51.66622925,0.257550001,8.331535339,2.584000111
2093.214,51.92141342,0.301003277,4.622527599,2.438999891
2093.3664,52.71841049,0.329190821,2.934106112,2.299999952
2093.5188,51.8411026,0.32927987,2.132797241,2.213000059
2093.6712,52.47229004,0.31377399,1.771455646,2.193000078
2093.8236,50.58531189,0.310252011,1.65402627,2.197000027
2093.976,54.67380524,0.31635201,1.689279079,2.207000017
2094.1284,55.1174469,0.350329012,1.849881053,2.220999956
2094.2808,59.09773254,0.346107125,2.074750662,2.229000092
2094.4332,62.01113892,0.362518877,2.275637627,2.239000082
2094.5856,61.29874039,0.34473592,2.336248875,2.243999958
2094.738,58.76981354,0.363790363,2.082600355,2.25699997
2094.8904,52.28818131,0.366454154,1.935696006,2.250999928
2095.0428,52.13600922,0.37580964,1.903179884,2.263000011
2095.1952,54.38084412,0.365395695,2.064378023,2.255000114
2095.3476,54.97937775,0.350869358,2.039081574,2.256000042
2095.5,56.82210159,0.369049996,2.186500073,2.233999968
2095.6524,51.5807991,0.371532917,2.240632296,2.226000071
2095.8048,50.49184036,0.35743019,2.05756855,2.220999956
2095.9572,48.93936539,0.363224149,2.014919281,2.233999968
2096.1096,48.92150497,0.355110019,1.942009211,2.234999895
2096.262,52.16172409,0.371314675,1.822196722,2.239000082
2096.4144,54.30847549,0.349353731,1.809257388,2.236000061
2096.5668,59.60761261,0.345715225,1.9028579,2.25699997
2096.7192,63.76635361,0.34940508,2.063802242,2.28399992
2096.8716,64.16283417,0.337979227,2.287616015,2.306999922
2097.024,65.3138504,0.314552099,2.423044205,2.309999943
2097.1764,66.64870453,0.312081814,2.513404846,2.315000057
2097.3288,67.75578308,0.325563908,2.519026279,2.315999985
2097.4812,66.8019104,0.368091673,2.54039979,2.302999973
2097.6336,63.45974731,0.364305705,3.012461901,2.299000025
2097.786,67.18634796,0.366358221,3.184113503,2.318000078
2097.9384,68.02417755,0.352954745,3.202500105,2.335999966
2098.0908,68.12298584,0.347322732,2.929636478,2.338000059
2098.2432,65.03084564,0.346459597,2.599404573,2.329999924
2098.3956,66.48425293,0.382820725,2.618175983,2.345999956
2098.548,71.99613953,0.38053745,2.743901253,2.35800004
2098.7004,73.65627289,0.369058967,3.05337286,2.36500001
2098.8528,71.7279892,0.330159366,3.331009626,2.371999979
2099.0052,63.48635101,0.324467391,3.417629719,2.369999886
2099.1576,56.9164505,0.340454936,3.27029109,2.351000071
2099.31,51.32774735,0.344778329,2.199960232,2.299999952
2099.4624,49.62062836,0.36347869,1.838605642,2.244999886
2099.6148,49.75706101,0.351065487,1.897734404,2.213999987
2099.7672,50.20820236,0.336731613,1.995262623,2.207000017
2099.9196,52.69602966,0.30528006,2.081741095,2.213999987
2100.072,57.25135803,0.332412183,2.119394779,2.220999956
2100.2244,61.56805039,0.332615376,2.134095192,2.236000061
2100.3768,63.9716835,0.338683903,2.112709045,2.246999979
2100.5292,60.25676346,0.302567989,2.127810717,2.255000114
2100.6816,61.82888031,0.328292131,2.242281675,2.269000053
2100.834,61.8633728,0.340353847,2.378304005,2.289999962
2100.9864,64.55657959,0.387718469,2.417333365,2.308000088
2101.1388,62.60528565,0.391350269,2.487879038,2.339999914
2101.2912,62.00693131,0.39802137,2.463062525,2.358999968
2101.4436,63.5411644,0.395827055,2.597396851,2.364000082
2101.596,63.20389175,0.373488724,2.623590946,2.357000113
2101.7484,64.03875732,0.381343037,2.597373009,2.349999905
2101.9008,64.80630493,0.35002023,2.559658051,2.349999905
2102.0532,62.53823471,0.36487779,2.520905733,2.342999935
2102.2056,58.46012878,0.330508143,2.841094017,2.334000111
2102.358,58.13932419,0.290352643,4.628682613,2.395999908
2102.5104,66.56447601,0.253123969,6.46159029,2.470000029
2102.6628,73.17778778,0.257347852,5.199171543,2.483999968
2102.8152,76.13952637,0.306239784,3.595949411,2.41899991
2102.9676,78.57765961,0.346104652,3.062828302,2.375999928
2103.12,84.73986054,0.373415023,2.908019781,2.378000021
2103.2724,86.41403198,0.383744896,2.811841011,2.378999949
2103.4248,82.71311188,0.402680397,2.762901545,2.367000103
2103.5772,81.2756958,0.406456083,2.813892841,2.384999991
2103.7296,82.73409271,0.3949233,2.792738915,2.398000002
2103.882,87.38995361,0.367160589,2.847521067,2.404999971
2104.0344,88.28646088,0.40690276,2.774111509,2.388999939
2104.1868,84.31989288,0.409243822,2.729751587,2.378999949
2104.3392,77.73711395,0.394279271,2.972156286,2.39199996
2104.4916,70.07099152,0.309591204,2.897126913,2.413000107
2104.644,70.56835175,0.314229697,2.820282936,2.39199996
2104.7964,72.09487915,0.353155553,2.883210897,2.364000082
2104.9488,76.49873352,0.382421464,3.007774115,2.362999916
2105.1012,81.18816376,0.377160102,2.731741905,2.371999979
2105.2536,83.83992004,0.381049424,2.540519953,2.361000061
2105.406,82.50215149,0.396745414,2.640896082,2.368999958
2105.5584,76.58761597,0.362171024,3.117588759,2.403000116
2105.7108,73.31465149,0.298762232,3.688634872,2.457999945
2105.8632,73.64372253,0.28909713,3.880978823,2.463999987
2106.0156,72.21263886,0.295777887,3.673933744,2.421999931
2106.168,75.92185974,0.326237112,2.870149136,2.391000032
2106.3204,81.10157776,0.351237297,2.622256756,2.381000042
2106.4728,83.82350922,0.400135785,2.547179461,2.364000082
2106.6252,83.6974411,0.388165474,2.525496483,2.368000031
2106.7776,81.07046509,0.371372938,2.522706509,2.38199997
2106.93,81.92853546,0.370651841,2.603117704,2.384999991
2107.0824,77.09968567,0.41266501,2.642511845,2.381000042
2107.2348,76.5907135,0.405154139,2.657140493,2.377000094
2107.3872,76.0196228,0.404595017,2.607002497,2.38199997
2107.5396,77.37372589,0.379837573,2.771044016,2.410000086
2107.692,70.93994904,0.384732574,2.907214165,2.427999973
2107.8444,66.53948212,0.356181473,2.927535296,2.440000057
2107.9968,65.7991333,0.403741837,2.866610527,2.421999931
2108.1492,68.60713196,0.430211753,2.865881443,2.414000034
2108.3016,75.38407898,0.469405413,2.771633148,2.403000116
2108.454,79.32897186,0.419279456,2.654072285,2.397000074
2108.6064,82.01629639,0.387729377,2.731279612,2.398999929
2108.7588,80.73052216,0.367982417,2.792293787,2.387000084
2108.9112,83.83332062,0.359673649,2.707469702,2.378000021
2109.0636,80.02631378,0.386834443,2.638998032,2.371000052
2109.216,77.60932159,0.379620075,2.513018131,2.375999928
2109.3684,77.01132965,0.402230769,2.358708382,2.371000052
2109.5208,79.14889526,0.395835668,2.395907641,2.338000059
2109.6732,81.9855957,0.435979158,2.420288563,2.269000053
2109.8256,72.79854584,0.443995625,2.403779745,2.237999916
2109.978,68.06344605,0.443346113,2.574365139,2.25699997
2110.1304,61.14288712,0.3943142,2.69051981,2.299999952
2110.2828,65.28767395,0.411103487,2.794788122,2.332000017
2110.4352,69.80625916,0.420067936,2.773344278,2.325000048
2110.5876,72.79069519,0.445447266,2.498197794,2.334000111
2110.74,75.4206543,0.444590986,2.573499203,2.336999893
2110.8924,76.25676727,0.428905338,2.561919689,2.357000113
2111.0448,76.87290192,0.390574664,2.607146263,2.369999886
2111.1972,76.15800476,0.360103101,2.415431023,2.345000029
2111.3496,75.44124603,0.343407005,2.271108866,2.319999933
2111.502,78.91973114,0.359810948,2.232872248,2.29399991
2111.6544,79.9920044,0.379213065,2.143284798,2.311000109
2111.8068,82.35258484,0.379937619,2.120811939,2.332000017
2111.9592,83.2488327,0.370400786,2.323739767,2.355999947
2112.1116,81.93684387,0.333608359,2.775866032,2.39199996
2112.264,82.17504883,0.324543536,3.687772512,2.437999964
2112.4164,77.57494354,0.291063845,4.907773018,2.493000031
2112.5688,70.53580475,0.260851443,5.637692928,2.54399991
2112.7212,65.90432739,0.241671562,5.399422169,2.539999962
2112.8736,68.26213837,0.269460321,4.021420956,2.493999958
2113.026,70.70502472,0.313435465,2.895901203,2.405999899
2113.1784,76.16910553,0.358766109,2.520287991,2.351000071
2113.3308,77.74969482,0.370613188,2.338112593,2.319999933
2113.4832,86.03984833,0.402367771,2.329134941,2.335999966
2113.6356,84.87557983,0.401564747,2.445814848,2.355999947
2113.788,80.30237579,0.422706068,2.617280722,2.367000103
2113.9404,76.29718018,0.383334696,2.598603725,2.361000061
2114.0928,78.50730896,0.401171744,2.530196667,2.365999937
2114.2452,85.43616486,0.393940657,2.511287928,2.362999916
2114.3976,90.19042969,0.418382138,2.488981485,2.365999937
2114.55,82.94872284,0.435303569,2.468487978,2.367000103
2114.7024,76.7624588,0.441069663,2.459100246,2.369999886
2114.8548,73.8404541,0.454472125,2.464782238,2.367000103
2115.0072,74.93610382,0.404114097,2.422586918,2.355000019
2115.1596,80.69562531,0.38200587,2.533279419,2.374000073
2115.312,76.86219788,0.358238816,2.601994753,2.368000031
2115.4644,81.03993225,0.37152493,2.659045696,2.364000082
2115.6168,76.35919952,0.391776949,2.47317338,2.348999977
2115.7692,77.71372223,0.411322832,2.432979345,2.338999987
2115.9216,74.82918549,0.400490195,2.510144234,2.345000029
2116.074,67.1677475,0.327006251,2.684664488,2.394999981
2116.2264,58.48695374,0.238533333,3.071254969,2.473999977
2116.3788,55.89559937,0.209465221,3.547600031,2.523999929
2116.5312,65.43396759,0.237650752,4.541404724,2.483999968
2116.6836,73.91539002,0.325291485,4.780512333,2.421000004
2116.836,76.21744537,0.385780901,2.6457057,2.368999958
2116.9884,77.05141449,0.428975463,2.415819883,2.352999926
2117.1408,78.09992981,0.427231818,2.441137552,2.344000101
2117.2932,78.25458527,0.40786764,2.386804581,2.332999945
2117.4456,75.39190674,0.407218307,2.351301193,2.342000008
2117.598,76.46418762,0.404838264,2.355516195,2.349999905
2117.7504,78.99493408,0.399247259,2.380425453,2.358999968
2117.9028,76.25328064,0.360461175,2.405338526,2.371999979
2118.0552,72.55421448,0.35622102,2.433022499,2.378000021
2118.2076,69.4888916,0.368906379,2.574510098,2.384000063
2118.36,71.51217651,0.399523407,2.593259096,2.371999979
2118.5124,71.48980713,0.415830523,2.436508179,2.368999958
2118.6648,69.90678406,0.400198221,2.443000078,2.355000019
2118.8172,69.42562866,0.406544387,2.441398144,2.346999884
2118.9696,71.50067902,0.410097063,2.436543703,2.361000061
2119.122,75.41479492,0.414019167,2.492935419,2.365999937
2119.2744,75.80316162,0.412005186,2.524097204,2.372999907
2119.4268,74.6897049,0.393074989,2.543694973,2.377000094
2119.5792,71.83023071,0.393057019,2.525552034,2.398999929
2119.7316,70.27600861,0.359734595,2.606272221,2.431999922
2119.884,68.86880493,0.320011646,2.875524998,2.454999924
2120.0364,66.50366211,0.262632072,3.904976606,2.476999998
2120.1888,66.24317932,0.249766916,4.41147089,2.49000001
2120.3412,65.99277496,0.258262932,4.355184078,2.516000032
2120.4936,70.42217255,0.304935962,3.887374163,2.486000061
2120.646,73.55044556,0.334718555,3.310697556,2.448999882
2120.7984,75.22064972,0.35670644,3.215139389,2.411999941
2120.9508,75.60378265,0.372490764,3.06173563,2.407000065
2121.1032,77.03633118,0.378415227,2.84654808,2.387000084
2121.2556,78.40135956,0.385216326,2.624122143,2.374000073
2121.408,79.93579102,0.409879029,2.355881453,2.364000082
2121.5604,79.16864014,0.41371429,2.286787748,2.368000031
2121.7128,79.40675354,0.379199535,2.580723524,2.405999899
2121.8652,72.89797211,0.364461303,2.703291178,2.447999954
2122.0176,72.13093567,0.374056667,2.769389629,2.486999989
2122.17,68.87294769,0.378594041,2.698729277,2.460999966
2122.3224,76.14775085,0.359311909,2.560442209,2.424999952
2122.4748,77.77462769,0.370016247,2.381539345,2.384999991
2122.6272,82.64057922,0.430320203,2.253000259,2.365999937
2122.7796,81.48849487,0.442688972,2.260066509,2.368000031
2122.932,80.43928528,0.399184853,2.432280064,2.394999981
2123.0844,76.29097748,0.328713626,2.802201748,2.437999964
2123.2368,72.5759964,0.325660318,2.803599834,2.467000008
2123.3892,71.9370575,0.392038316,2.70086956,2.467999935
2123.5416,72.54531097,0.419979841,2.584282398,2.45600009
2123.694,76.33571625,0.423928648,2.397916079,2.414999962
2123.8464,80.83934784,0.38217774,2.314105034,2.381000042
2123.9988,85.84142304,0.40062198,2.317798615,2.362999916
2124.1512,88.93760681,0.415020198,2.307695389,2.371000052
2124.3036,85.19273377,0.450981796,2.298910379,2.378999949
2124.456,81.29199982,0.444994152,2.310869217,2.378000021
2124.6084,77.71369934,0.425501078,2.366402149,2.372999907
2124.7608,78.07197571,0.432910949,2.564855099,2.38199997
2124.9132,78.79658508,0.403093487,2.71017313,2.398000002
2125.0656,76.79586792,0.419624984,2.807893992,2.404999971
2125.218,77.88247681,0.395256788,2.802500725,2.384999991
2125.3704,78.5511322,0.419098735,2.721692324,2.371000052
2125.5228,82.60413361,0.390446037,2.691352844,2.371000052
2125.6752,85.57648468,0.375349224,2.615482807,2.371999979
2125.8276,86.62424469,0.386018425,2.497326613,2.380000114
2125.98,87.27929688,0.388630599,2.44329381,2.378999949
2126.1324,84.89255524,0.385599345,2.3957057,2.384999991
2126.2848,84.99712372,0.385605991,2.407206297,2.384000063
2126.4372,81.50478363,0.398338318,2.530268192,2.384000063
2126.5896,78.29329681,0.408439994,2.828299999,2.391000032
2126.742,73.91947937,0.383077204,2.975982904,2.411000013
2126.8944,72.7952652,0.36831069,2.930016756,2.438999891
2127.0468,76.26959229,0.37387225,2.817587853,2.426000118
2127.1992,79.13534546,0.383488804,2.53643465,2.388999939
2127.3516,79.66093445,0.42241025,2.162789106,2.361000061
2127.504,80.22894287,0.399001092,2.118599892,2.346999884
2127.6564,85.0006485,0.426873744,2.118607521,2.342000008
2127.8088,82.43314362,0.422627062,2.126417875,2.335999966
2127.9612,82.22192383,0.430897534,2.139704466,2.338999987
2128.1136,79.97013092,0.435342044,2.176496506,2.351000071
2128.266,82.26908875,0.409405321,2.169084787,2.354000092
2128.4184,83.31620789,0.423527688,2.15139389,2.354000092
2128.5708,80.67631531,0.416782022,2.146300077,2.345000029
2128.7232,84.01542664,0.424885958,2.140999556,2.342999935
2128.8756,81.63127899,0.415697008,2.139830589,2.34800005
2129.028,81.03279877,0.388699502,2.181450605,2.349999905
2129.1804,78.30475617,0.390325785,2.136605978,2.351999998
2129.3328,77.23039246,0.393270105,2.112510443,2.34800005
2129.4852,77.60103607,0.427222222,2.156116962,2.346999884
2129.6376,75.08997345,0.442994148,2.184008598,2.349999905
2129.79,75.37562561,0.421607494,2.192823887,2.357000113
2129.9424,76.55647278,0.408473998,2.210501671,2.354000092
2130.0948,79.89963532,0.408381075,2.225395918,2.361000061
2130.2472,83.48790741,0.430748195,2.216911554,2.36500001
2130.3996,82.05895233,0.440116435,2.230446577,2.361999989
2130.552,79.85043335,0.434193075,2.268499613,2.351999998
2130.7044,77.61463165,0.43122071,2.294991732,2.345999956
2130.8568,80.23720551,0.43984744,2.271271467,2.351999998
2131.0092,84.18649292,0.432995498,2.231985092,2.355999947
2131.1616,85.64820099,0.439330131,2.218302012,2.364000082
2131.314,84.06989288,0.40594852,2.216601372,2.367000103
2131.4664,84.4681015,0.425608307,2.222699165,2.374000073
2131.6188,83.03720856,0.407901228,2.221208334,2.38199997
2131.7712,80.31891632,0.419705868,2.229789734,2.372999907
2131.9236,81.22916412,0.438439995,2.22219801,2.375999928
2132.076,80.87245941,0.438404024,2.204279423,2.374000073
2132.2284,83.73332977,0.449477583,2.160897255,2.371999979
2132.3808,81.67449951,0.412520438,2.157616854,2.365999937
2132.5332,79.41854858,0.405906141,2.171599865,2.364000082
2132.6856,82.99954224,0.397237867,2.240207195,2.36500001
2132.838,84.27667236,0.394199669,2.260801792,2.36500001
2132.9904,86.0546875,0.407914937,2.263510466,2.362999916
2133.1428,81.89601135,0.421579003,2.273198605,2.372999907
2133.2952,81.53687286,0.404053092,2.243185759,2.377000094
2133.4476,79.17717743,0.395468682,2.178876162,2.378999949
2133.6,76.89146423,0.418729067,2.138588905,2.375
2133.7524,74.81886292,0.44619754,2.126873016,2.369999886
2133.9048,76.3586731,0.460531265,2.106598616,2.368999958
2134.0572,78.17406464,0.422318399,2.092397928,2.371000052
2134.2096,76.38597107,0.423984677,2.087959528,2.372999907
2134.362,70.52572632,0.41588521,2.159471035,2.39199996
2134.5144,63.33640289,0.438092381,2.467491388,2.434000015
2134.6668,57.3563118,0.382424414,2.856053829,2.493999958
2134.8192,59.14430618,0.371897399,3.306736469,2.487999916
2134.9716,62.60528946,0.329489201,3.21658659,2.437000036
2135.124,69.07141113,0.388697892,2.370130062,2.384999991
2135.2764,70.27862549,0.399849951,1.799892187,2.372999907
2135.4288,76.00048065,0.41825825,1.763617516,2.367000103
2135.5812,78.94239044,0.399109423,1.793648481,2.364000082
2135.7336,85.73390198,0.410652787,1.844540596,2.349999905
2135.886,85.25830078,0.42487213,1.875300527,2.352999926
2136.0384,84.12052155,0.403976888,1.880704165,2.355999947
2136.1908,78.49365997,0.397153288,1.889792085,2.368999958
2136.3432,79.56306458,0.386123478,1.880265474,2.364000082
2136.4956,80.95414734,0.440001071,1.851401091,2.36500001
2136.648,83.57720184,0.443276167,1.837984204,2.361999989
2136.8004,82.98113251,0.407763958,1.790583611,2.361999989
2136.9528,83.2816391,0.38590458,1.767286301,2.358999968
2137.1052,84.35472107,0.392675906,1.754502058,2.355999947
2137.2576,83.25385284,0.449285269,1.745198846,2.355000019
2137.41,83.97366333,0.440905571,1.739603877,2.344000101
2137.5624,79.56569672,0.433309972,1.746516943,2.34100008
2137.7148,83.28863525,0.428595334,1.764412522,2.342999935
2137.8672,78.04747772,0.448346674,1.773900271,2.357000113
2138.0196,78.95464325,0.444212765,1.776109815,2.358999968
2138.172,73.94811249,0.432551116,1.797810316,2.358999968
2138.3244,75.60241699,0.410850972,1.81047678,2.358999968
2138.4768,76.05297852,0.435673922,1.790900827,2.358999968
2138.6292,77.36489105,0.422796309,1.789399505,2.35800004
2138.7816,74.26551819,0.436078966,1.788005233,2.361999989
2138.934,71.53876495,0.418295592,1.795502424,2.362999916
2139.0864,68.195961,0.432718545,1.797686219,2.369999886
2139.2388,69.26990509,0.427758336,1.787994504,2.355000019
2139.3912,70.81520844,0.419383645,1.76079011,2.351999998
2139.5436,73.08300018,0.394450575,1.743407011,2.338000059
2139.696,75.61624908,0.393902153,1.750906587,2.344000101
2139.8484,76.24389648,0.424848467,1.755900741,2.344000101
2140.0008,78.88253021,0.471535921,1.765900731,2.35800004
2140.1532,76.25737763,0.452082396,1.767597318,2.358999968
2140.3056,77.66140747,0.405223697,1.764150381,2.359999895
2140.458,74.30597687,0.417187363,1.722202182,2.342000008
2140.6104,79.33631134,0.448412508,1.693199635,2.325999975
2140.7628,74.35525513,0.475097597,1.692207098,2.322000027
2140.9152,70.77215576,0.448032826,1.702626228,2.332000017
2141.0676,68.72525787,0.419578046,1.72738111,2.34100008
2141.22,76.28573608,0.392085195,1.714196205,2.346999884
2141.3724,81.17311096,0.382579893,1.694483995,2.342999935
2141.5248,81.15171814,0.403151184,1.666056395,2.336999893
2141.6772,78.7076416,0.428618312,1.619191051,2.328000069
2141.8296,74.62621307,0.425220907,1.612299562,2.319999933
2141.982,71.76182556,0.453799695,1.605000615,2.325999975
2142.1344,71.36581421,0.452386171,1.606393218,2.329999924
2142.2868,71.83969116,0.436574757,1.597906232,2.338999987
2142.4392,72.79464722,0.375266612,1.603199601,2.339999914
2142.5916,70.61199951,0.381633878,1.602607131,2.345000029
2142.744,76.10393524,0.384418428,1.625712633,2.34100008
2142.8964,74.90446472,0.404436916,1.644286752,2.345999956
2143.0488,75.04647827,0.392381221,1.631670356,2.338999987
2143.2012,75.51245117,0.393900931,1.610698342,2.334000111
2143.3536,77.95074463,0.404368043,1.601794362,2.335999966
2143.506,78.78823853,0.40516746,1.591689825,2.344000101
2143.6584,76.52410126,0.406464577,1.580690622,2.349999905
2143.8108,71.90854645,0.403451145,1.573399305,2.352999926
2143.9632,72.62522888,0.422619492,1.561402798,2.345999956
2144.1156,74.08222199,0.419711351,1.567885637,2.352999926
2144.268,75.43260956,0.38493216,1.675325871,2.362999916
2144.4204,72.54689026,0.373444766,1.78329289,2.371999979
2144.5728,67.04264069,0.395206273,1.810786605,2.349999905
2144.7252,70.47370911,0.439090163,1.766394019,2.335999966
2144.8776,71.8111496,0.434134811,1.608641863,2.325999975
2145.03,74.11885834,0.437160403,1.552803755,2.325999975
2145.1824,74.9809494,0.434914231,1.555400491,2.334000111
2145.3348,76.40769959,0.453161717,1.558006525,2.339999914
2145.4872,77.21914673,0.444910705,1.570092678,2.342000008
2145.6396,74.3562088,0.452313632,1.562125206,2.332000017
2145.792,75.0750351,0.42881316,1.581700444,2.325999975
2145.9444,73.78684998,0.431644648,1.59050715,2.319000006
2146.0968,74.15660095,0.41241166,1.60760653,2.328000069
2146.2492,73.56036377,0.417326838,1.615894795,2.329999924
2146.4016,76.28059387,0.43242386,1.611400366,2.338999987
2146.554,82.5054245,0.454158723,1.62099874,2.329999924
2146.7064,82.24144745,0.439627618,1.61650157,2.332000017
2146.8588,78.67443085,0.429108977,1.618842125,2.329999924
2147.0112,69.95274353,0.409926832,1.659535408,2.335000038
2147.1636,68.78366089,0.42291221,1.68479538,2.342000008
2147.316,72.10955811,0.453781158,1.656968832,2.345999956
2147.4684,74.9538269,0.452388972,1.599145055,2.344000101
2147.6208,75.08695221,0.473585099,1.538683772,2.335999966
2147.7732,72.91293335,0.425802976,1.526001573,2.335000038
2147.9256,69.09368897,0.424998939,1.562115669,2.335999966
2148.078,68.82002258,0.397640467,1.59980464,2.338000059
2148.2304,65.14715576,0.396209627,1.6056844,2.344000101
2148.3828,68.81560516,0.454762191,1.592101097,2.34800005
2148.5352,74.45043945,0.472825974,1.585004926,2.344000101
2148.6876,79.8146286,0.476299733,1.602290988,2.34800005
2148.84,76.27065277,0.3978073,1.740725398,2.361999989
2148.9924,68.03511047,0.372827172,1.765362501,2.378000021
2149.1448,64.26725769,0.356845439,1.738372326,2.365999937
2149.2972,68.92910004,0.378091246,1.566847563,2.348999977
2149.4496,72.15433502,0.382039219,1.468089938,2.325000048
2149.602,73.63111115,0.419634461,1.457037449,2.33100009
2149.7544,72.78340149,0.443980485,1.486500979,2.338999987
2149.9068,75.52076721,0.457549751,1.514560223,2.348999977
2150.0592,77.91571808,0.440950781,1.663381815,2.358999968
2150.2116,74.69667816,0.366487175,1.898111939,2.398000002
2150.364,67.76212311,0.336574674,1.99599123,2.459000111
2150.5164,63.27373123,0.293934315,1.964588642,2.523999929
2150.6688,64.1082077,0.359496474,1.923870325,2.50699997
2150.8212,68.30374146,0.406560481,1.723916769,2.438999891
2150.9736,69.4769516,0.461070269,1.544017911,2.372999907
2151.126,71.14791107,0.463543683,1.484802723,2.335999966
2151.2784,69.92182159,0.435536206,1.502424955,2.332000017
2151.4308,70.50518799,0.428655863,1.550116062,2.328000069
2151.5832,68.00005341,0.416729063,1.56822598,2.334000111
2151.7356,65.27829742,0.46355927,1.588799715,2.332999945
2151.888,68.74025726,0.438034743,1.578365803,2.334000111
2152.0404,70.88591003,0.427029192,1.492186427,2.332000017
2152.1928,76.16383362,0.365596682,1.474392414,2.328999996
2152.3452,75.45027161,0.38112849,1.467700601,2.322000027
2152.4976,76.41661072,0.372541547,1.471401572,2.318000078
2152.65,73.89632416,0.400301337,1.476895809,2.322000027
2152.8024,71.74687195,0.423918009,1.47029376,2.319999933
2152.9548,73.40383148,0.441715032,1.464247823,2.322000027
2153.1072,77.59057617,0.436681062,1.498902559,2.325999975
2153.2596,81.56687927,0.396124065,1.516003847,2.335000038
2153.412,80.97483063,0.402038723,1.52341044,2.338999987
2153.5644,78.10250092,0.411200821,1.535189748,2.34100008
2153.7168,77.13818359,0.419329703,1.52699995,2.336999893
2153.8692,76.42181397,0.4045479,1.524801254,2.338999987
2154.0216,75.95688629,0.394634336,1.528120399,2.335999966
2154.174,73.77503967,0.398836017,1.554909945,2.335999966
2154.3264,72.58061981,0.424625278,1.563699007,2.338000059
2154.4788,74.23000336,0.434704095,1.587110043,2.349999905
2154.6312,76.13725281,0.446399689,1.625099659,2.351999998
2154.7836,75.40034485,0.39928627,1.624566913,2.348999977
2154.936,75.44068909,0.394986987,1.591474176,2.338999987
2155.0884,70.6446228,0.380487144,1.5725981,2.338000059
2155.2408,72.93249512,0.43223834,1.559015632,2.338000059
2155.3932,73.14294434,0.47065714,1.589804888,2.345000029
2155.5456,74.00059509,0.473661929,1.59540534,2.35800004
2155.698,71.19258118,0.466215551,1.599699855,2.361999989
2155.8504,69.73542786,0.431408465,1.588196397,2.355000019
2156.0028,67.70892334,0.430972338,1.578907013,2.346999884
2156.1552,70.72724152,0.396461636,1.588240147,2.352999926
2156.3076,69.32076263,0.38166368,1.624095917,2.378000021
2156.46,73.76996613,0.386329293,1.657002926,2.417000055
2156.6124,70.92327881,0.41479218,1.668477655,2.426000118
2156.7648,75.69160461,0.424713969,1.632739544,2.395999908
2156.9172,72.43867493,0.447980464,1.572055221,2.375
2157.0696,73.61878967,0.436140299,1.539197207,2.351999998
2157.222,72.78432465,0.423077405,1.518391728,2.349999905
2157.3744,74.90074158,0.388367444,1.501897574,2.338000059
2157.5268,76.11925507,0.381576479,1.499111295,2.338000059
2157.6792,73.01660156,0.408495128,1.508299947,2.339999914
2157.8316,73.40452576,0.433681071,1.519413233,2.342999935
